sample_no	particle	position_from_start	position_from_end	left_neighbor	left_neighbor_pos	right_neighbor	right_neighbor_pos	pip	pip_position	fip	fip_position
1	74	Paul	P2	καί	conjunction	2	27	Παῦλος	noun	Σιλουανὸς	noun	null	0	Χριστῷ·	16	Παῦλος καὶ Σιλουανὸς καὶ Τιμόθεος τῇ ἐκκλησίᾳ Θεσσαλονικέων ἐν θεῷ πατρὶ ἡμῶν καὶ κυρίῳ Ἰησοῦ Χριστῷ· χάρις ὑμῖν καὶ εἰρήνη ἀπὸ θεοῦ ⸀πατρὸς καὶ κυρίου Ἰησοῦ Χριστοῦ.
2	74	Paul	P2	καί	conjunction	4	25	Σιλουανὸς	noun	Τιμόθεος	noun	null	0	Χριστῷ·	16	Παῦλος καὶ Σιλουανὸς καὶ Τιμόθεος τῇ ἐκκλησίᾳ Θεσσαλονικέων ἐν θεῷ πατρὶ ἡμῶν καὶ κυρίῳ Ἰησοῦ Χριστῷ· χάρις ὑμῖν καὶ εἰρήνη ἀπὸ θεοῦ ⸀πατρὸς καὶ κυρίου Ἰησοῦ Χριστοῦ.
3	74	Paul	P2	καί	conjunction	13	16	ἡμῶν	personal pronoun	κυρίῳ	noun	null	0	Χριστῷ·	16	Παῦλος καὶ Σιλουανὸς καὶ Τιμόθεος τῇ ἐκκλησίᾳ Θεσσαλονικέων ἐν θεῷ πατρὶ ἡμῶν καὶ κυρίῳ Ἰησοῦ Χριστῷ· χάρις ὑμῖν καὶ εἰρήνη ἀπὸ θεοῦ ⸀πατρὸς καὶ κυρίου Ἰησοῦ Χριστοῦ.
4	74	Paul	P2	καί	conjunction	19	10	ὑμῖν	personal pronoun	εἰρήνη	noun	Χριστῷ·	16	null	0	Παῦλος καὶ Σιλουανὸς καὶ Τιμόθεος τῇ ἐκκλησίᾳ Θεσσαλονικέων ἐν θεῷ πατρὶ ἡμῶν καὶ κυρίῳ Ἰησοῦ Χριστῷ· χάρις ὑμῖν καὶ εἰρήνη ἀπὸ θεοῦ ⸀πατρὸς καὶ κυρίου Ἰησοῦ Χριστοῦ.
5	74	Paul	P2	καί	conjunction	24	5	⸀πατρὸς	noun	κυρίου	noun	Χριστῷ·	16	null	0	Παῦλος καὶ Σιλουανὸς καὶ Τιμόθεος τῇ ἐκκλησίᾳ Θεσσαλονικέων ἐν θεῷ πατρὶ ἡμῶν καὶ κυρίῳ Ἰησοῦ Χριστῷ· χάρις ὑμῖν καὶ εἰρήνη ἀπὸ θεοῦ ⸀πατρὸς καὶ κυρίου Ἰησοῦ Χριστοῦ.
6	74	Paul	P2	καί	conjunction	17	143	ὑμῶν	personal pronoun	πλεονάζει	verb	ἐστιν,	11	ἀλλήλους,	26	Εὐχαριστεῖν ὀφείλομεν τῷ θεῷ πάντοτε περὶ ὑμῶν, ἀδελφοί, καθὼς ἄξιόν ἐστιν, ὅτι ὑπεραυξάνει ἡ πίστις ὑμῶν καὶ πλεονάζει ἡ ἀγάπη ἑνὸς ἑκάστου πάντων ὑμῶν εἰς ἀλλήλους, ὥστε ⸂αὐτοὺς ἡμᾶς⸃ ἐν ὑμῖν ⸀ἐγκαυχᾶσθαι ἐν ταῖς ἐκκλησίαις τοῦ θεοῦ ὑπὲρ τῆς ὑπομονῆς ὑμῶν καὶ πίστεως ἐν πᾶσιν τοῖς διωγμοῖς ὑμῶν καὶ ταῖς θλίψεσιν αἷς ἀνέχεσθε, ἔνδειγμα τῆς δικαίας κρίσεως τοῦ θεοῦ, εἰς τὸ καταξιωθῆναι ὑμᾶς τῆς βασιλείας τοῦ θεοῦ, ὑπὲρ ἧς καὶ πάσχετε, εἴπερ δίκαιον παρὰ θεῷ ἀνταποδοῦναι τοῖς θλίβουσιν ὑμᾶς θλῖψιν καὶ ὑμῖν τοῖς θλιβομένοις ἄνεσιν μεθ’ ἡμῶν ἐν τῇ ἀποκαλύψει τοῦ κυρίου Ἰησοῦ ἀπ’ οὐρανοῦ μετ’ ἀγγέλων δυνάμεως αὐτοῦ ἐν ⸂φλογὶ πυρός⸃, διδόντος ἐκδίκησιν τοῖς μὴ εἰδόσι θεὸν καὶ τοῖς μὴ ὑπακούουσιν τῷ εὐαγγελίῳ τοῦ κυρίου ἡμῶν Ἰησοῦ, οἵτινες δίκην τίσουσιν ὄλεθρον αἰώνιον ἀπὸ προσώπου τοῦ κυρίου καὶ ἀπὸ τῆς δόξης τῆς ἰσχύος αὐτοῦ, ὅταν ἔλθῃ ἐνδοξασθῆναι ἐν τοῖς ἁγίοις αὐτοῦ καὶ θαυμασθῆναι ἐν πᾶσιν τοῖς πιστεύσασιν, ὅτι ἐπιστεύθη τὸ μαρτύριον ἡμῶν ἐφ’ ὑμᾶς, ἐν τῇ ἡμέρᾳ ἐκείνῃ.
7	74	Paul	P2	καί	conjunction	42	118	ὑμῶν	personal pronoun	πίστεως	noun	ἀλλήλους,	26	ἀνέχεσθε,	53	Εὐχαριστεῖν ὀφείλομεν τῷ θεῷ πάντοτε περὶ ὑμῶν, ἀδελφοί, καθὼς ἄξιόν ἐστιν, ὅτι ὑπεραυξάνει ἡ πίστις ὑμῶν καὶ πλεονάζει ἡ ἀγάπη ἑνὸς ἑκάστου πάντων ὑμῶν εἰς ἀλλήλους, ὥστε ⸂αὐτοὺς ἡμᾶς⸃ ἐν ὑμῖν ⸀ἐγκαυχᾶσθαι ἐν ταῖς ἐκκλησίαις τοῦ θεοῦ ὑπὲρ τῆς ὑπομονῆς ὑμῶν καὶ πίστεως ἐν πᾶσιν τοῖς διωγμοῖς ὑμῶν καὶ ταῖς θλίψεσιν αἷς ἀνέχεσθε, ἔνδειγμα τῆς δικαίας κρίσεως τοῦ θεοῦ, εἰς τὸ καταξιωθῆναι ὑμᾶς τῆς βασιλείας τοῦ θεοῦ, ὑπὲρ ἧς καὶ πάσχετε, εἴπερ δίκαιον παρὰ θεῷ ἀνταποδοῦναι τοῖς θλίβουσιν ὑμᾶς θλῖψιν καὶ ὑμῖν τοῖς θλιβομένοις ἄνεσιν μεθ’ ἡμῶν ἐν τῇ ἀποκαλύψει τοῦ κυρίου Ἰησοῦ ἀπ’ οὐρανοῦ μετ’ ἀγγέλων δυνάμεως αὐτοῦ ἐν ⸂φλογὶ πυρός⸃, διδόντος ἐκδίκησιν τοῖς μὴ εἰδόσι θεὸν καὶ τοῖς μὴ ὑπακούουσιν τῷ εὐαγγελίῳ τοῦ κυρίου ἡμῶν Ἰησοῦ, οἵτινες δίκην τίσουσιν ὄλεθρον αἰώνιον ἀπὸ προσώπου τοῦ κυρίου καὶ ἀπὸ τῆς δόξης τῆς ἰσχύος αὐτοῦ, ὅταν ἔλθῃ ἐνδοξασθῆναι ἐν τοῖς ἁγίοις αὐτοῦ καὶ θαυμασθῆναι ἐν πᾶσιν τοῖς πιστεύσασιν, ὅτι ἐπιστεύθη τὸ μαρτύριον ἡμῶν ἐφ’ ὑμᾶς, ἐν τῇ ἡμέρᾳ ἐκείνῃ.
8	74	Paul	P2	καί	conjunction	49	111	ὑμῶν	personal pronoun	ταῖς	article	ἀλλήλους,	26	ἀνέχεσθε,	53	Εὐχαριστεῖν ὀφείλομεν τῷ θεῷ πάντοτε περὶ ὑμῶν, ἀδελφοί, καθὼς ἄξιόν ἐστιν, ὅτι ὑπεραυξάνει ἡ πίστις ὑμῶν καὶ πλεονάζει ἡ ἀγάπη ἑνὸς ἑκάστου πάντων ὑμῶν εἰς ἀλλήλους, ὥστε ⸂αὐτοὺς ἡμᾶς⸃ ἐν ὑμῖν ⸀ἐγκαυχᾶσθαι ἐν ταῖς ἐκκλησίαις τοῦ θεοῦ ὑπὲρ τῆς ὑπομονῆς ὑμῶν καὶ πίστεως ἐν πᾶσιν τοῖς διωγμοῖς ὑμῶν καὶ ταῖς θλίψεσιν αἷς ἀνέχεσθε, ἔνδειγμα τῆς δικαίας κρίσεως τοῦ θεοῦ, εἰς τὸ καταξιωθῆναι ὑμᾶς τῆς βασιλείας τοῦ θεοῦ, ὑπὲρ ἧς καὶ πάσχετε, εἴπερ δίκαιον παρὰ θεῷ ἀνταποδοῦναι τοῖς θλίβουσιν ὑμᾶς θλῖψιν καὶ ὑμῖν τοῖς θλιβομένοις ἄνεσιν μεθ’ ἡμῶν ἐν τῇ ἀποκαλύψει τοῦ κυρίου Ἰησοῦ ἀπ’ οὐρανοῦ μετ’ ἀγγέλων δυνάμεως αὐτοῦ ἐν ⸂φλογὶ πυρός⸃, διδόντος ἐκδίκησιν τοῖς μὴ εἰδόσι θεὸν καὶ τοῖς μὴ ὑπακούουσιν τῷ εὐαγγελίῳ τοῦ κυρίου ἡμῶν Ἰησοῦ, οἵτινες δίκην τίσουσιν ὄλεθρον αἰώνιον ἀπὸ προσώπου τοῦ κυρίου καὶ ἀπὸ τῆς δόξης τῆς ἰσχύος αὐτοῦ, ὅταν ἔλθῃ ἐνδοξασθῆναι ἐν τοῖς ἁγίοις αὐτοῦ καὶ θαυμασθῆναι ἐν πᾶσιν τοῖς πιστεύσασιν, ὅτι ἐπιστεύθη τὸ μαρτύριον ἡμῶν ἐφ’ ὑμᾶς, ἐν τῇ ἡμέρᾳ ἐκείνῃ.
9	74	Paul	P2	καί	conjunction	81	79	θλῖψιν	noun	ὑμῖν	personal pronoun	πάσχετε,	71	πυρός⸃,	102	Εὐχαριστεῖν ὀφείλομεν τῷ θεῷ πάντοτε περὶ ὑμῶν, ἀδελφοί, καθὼς ἄξιόν ἐστιν, ὅτι ὑπεραυξάνει ἡ πίστις ὑμῶν καὶ πλεονάζει ἡ ἀγάπη ἑνὸς ἑκάστου πάντων ὑμῶν εἰς ἀλλήλους, ὥστε ⸂αὐτοὺς ἡμᾶς⸃ ἐν ὑμῖν ⸀ἐγκαυχᾶσθαι ἐν ταῖς ἐκκλησίαις τοῦ θεοῦ ὑπὲρ τῆς ὑπομονῆς ὑμῶν καὶ πίστεως ἐν πᾶσιν τοῖς διωγμοῖς ὑμῶν καὶ ταῖς θλίψεσιν αἷς ἀνέχεσθε, ἔνδειγμα τῆς δικαίας κρίσεως τοῦ θεοῦ, εἰς τὸ καταξιωθῆναι ὑμᾶς τῆς βασιλείας τοῦ θεοῦ, ὑπὲρ ἧς καὶ πάσχετε, εἴπερ δίκαιον παρὰ θεῷ ἀνταποδοῦναι τοῖς θλίβουσιν ὑμᾶς θλῖψιν καὶ ὑμῖν τοῖς θλιβομένοις ἄνεσιν μεθ’ ἡμῶν ἐν τῇ ἀποκαλύψει τοῦ κυρίου Ἰησοῦ ἀπ’ οὐρανοῦ μετ’ ἀγγέλων δυνάμεως αὐτοῦ ἐν ⸂φλογὶ πυρός⸃, διδόντος ἐκδίκησιν τοῖς μὴ εἰδόσι θεὸν καὶ τοῖς μὴ ὑπακούουσιν τῷ εὐαγγελίῳ τοῦ κυρίου ἡμῶν Ἰησοῦ, οἵτινες δίκην τίσουσιν ὄλεθρον αἰώνιον ἀπὸ προσώπου τοῦ κυρίου καὶ ἀπὸ τῆς δόξης τῆς ἰσχύος αὐτοῦ, ὅταν ἔλθῃ ἐνδοξασθῆναι ἐν τοῖς ἁγίοις αὐτοῦ καὶ θαυμασθῆναι ἐν πᾶσιν τοῖς πιστεύσασιν, ὅτι ἐπιστεύθη τὸ μαρτύριον ἡμῶν ἐφ’ ὑμᾶς, ἐν τῇ ἡμέρᾳ ἐκείνῃ.
10	74	Paul	P2	καί	conjunction	109	51	θεὸν	noun	τοῖς	article	πυρός⸃,	102	Ἰησοῦ,	118	Εὐχαριστεῖν ὀφείλομεν τῷ θεῷ πάντοτε περὶ ὑμῶν, ἀδελφοί, καθὼς ἄξιόν ἐστιν, ὅτι ὑπεραυξάνει ἡ πίστις ὑμῶν καὶ πλεονάζει ἡ ἀγάπη ἑνὸς ἑκάστου πάντων ὑμῶν εἰς ἀλλήλους, ὥστε ⸂αὐτοὺς ἡμᾶς⸃ ἐν ὑμῖν ⸀ἐγκαυχᾶσθαι ἐν ταῖς ἐκκλησίαις τοῦ θεοῦ ὑπὲρ τῆς ὑπομονῆς ὑμῶν καὶ πίστεως ἐν πᾶσιν τοῖς διωγμοῖς ὑμῶν καὶ ταῖς θλίψεσιν αἷς ἀνέχεσθε, ἔνδειγμα τῆς δικαίας κρίσεως τοῦ θεοῦ, εἰς τὸ καταξιωθῆναι ὑμᾶς τῆς βασιλείας τοῦ θεοῦ, ὑπὲρ ἧς καὶ πάσχετε, εἴπερ δίκαιον παρὰ θεῷ ἀνταποδοῦναι τοῖς θλίβουσιν ὑμᾶς θλῖψιν καὶ ὑμῖν τοῖς θλιβομένοις ἄνεσιν μεθ’ ἡμῶν ἐν τῇ ἀποκαλύψει τοῦ κυρίου Ἰησοῦ ἀπ’ οὐρανοῦ μετ’ ἀγγέλων δυνάμεως αὐτοῦ ἐν ⸂φλογὶ πυρός⸃, διδόντος ἐκδίκησιν τοῖς μὴ εἰδόσι θεὸν καὶ τοῖς μὴ ὑπακούουσιν τῷ εὐαγγελίῳ τοῦ κυρίου ἡμῶν Ἰησοῦ, οἵτινες δίκην τίσουσιν ὄλεθρον αἰώνιον ἀπὸ προσώπου τοῦ κυρίου καὶ ἀπὸ τῆς δόξης τῆς ἰσχύος αὐτοῦ, ὅταν ἔλθῃ ἐνδοξασθῆναι ἐν τοῖς ἁγίοις αὐτοῦ καὶ θαυμασθῆναι ἐν πᾶσιν τοῖς πιστεύσασιν, ὅτι ἐπιστεύθη τὸ μαρτύριον ἡμῶν ἐφ’ ὑμᾶς, ἐν τῇ ἡμέρᾳ ἐκείνῃ.
11	74	Paul	P2	καί	conjunction	128	32	κυρίου	noun	ἀπὸ	preposition	Ἰησοῦ,	118	αὐτοῦ,	134	Εὐχαριστεῖν ὀφείλομεν τῷ θεῷ πάντοτε περὶ ὑμῶν, ἀδελφοί, καθὼς ἄξιόν ἐστιν, ὅτι ὑπεραυξάνει ἡ πίστις ὑμῶν καὶ πλεονάζει ἡ ἀγάπη ἑνὸς ἑκάστου πάντων ὑμῶν εἰς ἀλλήλους, ὥστε ⸂αὐτοὺς ἡμᾶς⸃ ἐν ὑμῖν ⸀ἐγκαυχᾶσθαι ἐν ταῖς ἐκκλησίαις τοῦ θεοῦ ὑπὲρ τῆς ὑπομονῆς ὑμῶν καὶ πίστεως ἐν πᾶσιν τοῖς διωγμοῖς ὑμῶν καὶ ταῖς θλίψεσιν αἷς ἀνέχεσθε, ἔνδειγμα τῆς δικαίας κρίσεως τοῦ θεοῦ, εἰς τὸ καταξιωθῆναι ὑμᾶς τῆς βασιλείας τοῦ θεοῦ, ὑπὲρ ἧς καὶ πάσχετε, εἴπερ δίκαιον παρὰ θεῷ ἀνταποδοῦναι τοῖς θλίβουσιν ὑμᾶς θλῖψιν καὶ ὑμῖν τοῖς θλιβομένοις ἄνεσιν μεθ’ ἡμῶν ἐν τῇ ἀποκαλύψει τοῦ κυρίου Ἰησοῦ ἀπ’ οὐρανοῦ μετ’ ἀγγέλων δυνάμεως αὐτοῦ ἐν ⸂φλογὶ πυρός⸃, διδόντος ἐκδίκησιν τοῖς μὴ εἰδόσι θεὸν καὶ τοῖς μὴ ὑπακούουσιν τῷ εὐαγγελίῳ τοῦ κυρίου ἡμῶν Ἰησοῦ, οἵτινες δίκην τίσουσιν ὄλεθρον αἰώνιον ἀπὸ προσώπου τοῦ κυρίου καὶ ἀπὸ τῆς δόξης τῆς ἰσχύος αὐτοῦ, ὅταν ἔλθῃ ἐνδοξασθῆναι ἐν τοῖς ἁγίοις αὐτοῦ καὶ θαυμασθῆναι ἐν πᾶσιν τοῖς πιστεύσασιν, ὅτι ἐπιστεύθη τὸ μαρτύριον ἡμῶν ἐφ’ ὑμᾶς, ἐν τῇ ἡμέρᾳ ἐκείνῃ.
12	74	Paul	P2	καί	conjunction	142	18	αὐτοῦ	personal pronoun	θαυμασθῆναι	verb	αὐτοῦ,	134	πιστεύσασιν,	147	Εὐχαριστεῖν ὀφείλομεν τῷ θεῷ πάντοτε περὶ ὑμῶν, ἀδελφοί, καθὼς ἄξιόν ἐστιν, ὅτι ὑπεραυξάνει ἡ πίστις ὑμῶν καὶ πλεονάζει ἡ ἀγάπη ἑνὸς ἑκάστου πάντων ὑμῶν εἰς ἀλλήλους, ὥστε ⸂αὐτοὺς ἡμᾶς⸃ ἐν ὑμῖν ⸀ἐγκαυχᾶσθαι ἐν ταῖς ἐκκλησίαις τοῦ θεοῦ ὑπὲρ τῆς ὑπομονῆς ὑμῶν καὶ πίστεως ἐν πᾶσιν τοῖς διωγμοῖς ὑμῶν καὶ ταῖς θλίψεσιν αἷς ἀνέχεσθε, ἔνδειγμα τῆς δικαίας κρίσεως τοῦ θεοῦ, εἰς τὸ καταξιωθῆναι ὑμᾶς τῆς βασιλείας τοῦ θεοῦ, ὑπὲρ ἧς καὶ πάσχετε, εἴπερ δίκαιον παρὰ θεῷ ἀνταποδοῦναι τοῖς θλίβουσιν ὑμᾶς θλῖψιν καὶ ὑμῖν τοῖς θλιβομένοις ἄνεσιν μεθ’ ἡμῶν ἐν τῇ ἀποκαλύψει τοῦ κυρίου Ἰησοῦ ἀπ’ οὐρανοῦ μετ’ ἀγγέλων δυνάμεως αὐτοῦ ἐν ⸂φλογὶ πυρός⸃, διδόντος ἐκδίκησιν τοῖς μὴ εἰδόσι θεὸν καὶ τοῖς μὴ ὑπακούουσιν τῷ εὐαγγελίῳ τοῦ κυρίου ἡμῶν Ἰησοῦ, οἵτινες δίκην τίσουσιν ὄλεθρον αἰώνιον ἀπὸ προσώπου τοῦ κυρίου καὶ ἀπὸ τῆς δόξης τῆς ἰσχύος αὐτοῦ, ὅταν ἔλθῃ ἐνδοξασθῆναι ἐν τοῖς ἁγίοις αὐτοῦ καὶ θαυμασθῆναι ἐν πᾶσιν τοῖς πιστεύσασιν, ὅτι ἐπιστεύθη τὸ μαρτύριον ἡμῶν ἐφ’ ὑμᾶς, ἐν τῇ ἡμέρᾳ ἐκείνῃ.
13	74	Paul	P2	καί	conjunction	16	35	ἡμῶν	personal pronoun	πληρώσῃ	verb	ὑμῶν,	7	δυνάμει,	25	εἰς ὃ καὶ προσευχόμεθα πάντοτε περὶ ὑμῶν, ἵνα ὑμᾶς ἀξιώσῃ τῆς κλήσεως ὁ θεὸς ἡμῶν καὶ πληρώσῃ πᾶσαν εὐδοκίαν ἀγαθωσύνης καὶ ἔργον πίστεως ἐν δυνάμει, ὅπως ἐνδοξασθῇ τὸ ὄνομα τοῦ κυρίου ἡμῶν Ἰησοῦ ἐν ὑμῖν, καὶ ὑμεῖς ἐν αὐτῷ, κατὰ τὴν χάριν τοῦ θεοῦ ἡμῶν καὶ κυρίου Ἰησοῦ Χριστοῦ.
14	74	Paul	P2	καί	conjunction	21	30	ἀγαθωσύνης	noun	ἔργον	noun	ὑμῶν,	7	δυνάμει,	25	εἰς ὃ καὶ προσευχόμεθα πάντοτε περὶ ὑμῶν, ἵνα ὑμᾶς ἀξιώσῃ τῆς κλήσεως ὁ θεὸς ἡμῶν καὶ πληρώσῃ πᾶσαν εὐδοκίαν ἀγαθωσύνης καὶ ἔργον πίστεως ἐν δυνάμει, ὅπως ἐνδοξασθῇ τὸ ὄνομα τοῦ κυρίου ἡμῶν Ἰησοῦ ἐν ὑμῖν, καὶ ὑμεῖς ἐν αὐτῷ, κατὰ τὴν χάριν τοῦ θεοῦ ἡμῶν καὶ κυρίου Ἰησοῦ Χριστοῦ.
15	74	Paul	P2	καί	conjunction	36	15	ὑμῖν,	personal pronoun	ὑμεῖς	personal pronoun	ὑμῖν,	35	αὐτῷ,	39	εἰς ὃ καὶ προσευχόμεθα πάντοτε περὶ ὑμῶν, ἵνα ὑμᾶς ἀξιώσῃ τῆς κλήσεως ὁ θεὸς ἡμῶν καὶ πληρώσῃ πᾶσαν εὐδοκίαν ἀγαθωσύνης καὶ ἔργον πίστεως ἐν δυνάμει, ὅπως ἐνδοξασθῇ τὸ ὄνομα τοῦ κυρίου ἡμῶν Ἰησοῦ ἐν ὑμῖν, καὶ ὑμεῖς ἐν αὐτῷ, κατὰ τὴν χάριν τοῦ θεοῦ ἡμῶν καὶ κυρίου Ἰησοῦ Χριστοῦ.
16	74	Paul	P2	καί	conjunction	46	5	ἡμῶν	personal pronoun	κυρίου	noun	αὐτῷ,	39	null	0	εἰς ὃ καὶ προσευχόμεθα πάντοτε περὶ ὑμῶν, ἵνα ὑμᾶς ἀξιώσῃ τῆς κλήσεως ὁ θεὸς ἡμῶν καὶ πληρώσῃ πᾶσαν εὐδοκίαν ἀγαθωσύνης καὶ ἔργον πίστεως ἐν δυνάμει, ὅπως ἐνδοξασθῇ τὸ ὄνομα τοῦ κυρίου ἡμῶν Ἰησοῦ ἐν ὑμῖν, καὶ ὑμεῖς ἐν αὐτῷ, κατὰ τὴν χάριν τοῦ θεοῦ ἡμῶν καὶ κυρίου Ἰησοῦ Χριστοῦ.
17	74	Paul	P2	δέ	conjunction	2	47	Ἐρωτῶμεν	verb	ὑμᾶς,	personal pronoun	null	0	ὑμᾶς,	3	Ἐρωτῶμεν δὲ ὑμᾶς, ἀδελφοί, ὑπὲρ τῆς παρουσίας τοῦ κυρίου ἡμῶν Ἰησοῦ Χριστοῦ καὶ ἡμῶν ἐπισυναγωγῆς ἐπ’ αὐτόν, εἰς τὸ μὴ ταχέως σαλευθῆναι ὑμᾶς ἀπὸ τοῦ νοὸς ⸀μηδὲ θροεῖσθαι μήτε διὰ πνεύματος μήτε διὰ λόγου μήτε δι’ ἐπιστολῆς ὡς δι’ ἡμῶν, ὡς ὅτι ἐνέστηκεν ἡ ἡμέρα τοῦ ⸀κυρίου.
18	74	Paul	P2	καί	conjunction	13	36	Χριστοῦ	noun	ἡμῶν	personal pronoun	ἀδελφοί,	4	αὐτόν,	17	Ἐρωτῶμεν δὲ ὑμᾶς, ἀδελφοί, ὑπὲρ τῆς παρουσίας τοῦ κυρίου ἡμῶν Ἰησοῦ Χριστοῦ καὶ ἡμῶν ἐπισυναγωγῆς ἐπ’ αὐτόν, εἰς τὸ μὴ ταχέως σαλευθῆναι ὑμᾶς ἀπὸ τοῦ νοὸς ⸀μηδὲ θροεῖσθαι μήτε διὰ πνεύματος μήτε διὰ λόγου μήτε δι’ ἐπιστολῆς ὡς δι’ ἡμῶν, ὡς ὅτι ἐνέστηκεν ἡ ἡμέρα τοῦ ⸀κυρίου.
19	74	Paul	P2	καί	conjunction	15	34	πρῶτον	adjective	ἀποκαλυφθῇ	verb	τρόπον·	7	⸀ἀνομίας,	20	μή τις ὑμᾶς ἐξαπατήσῃ κατὰ μηδένα τρόπον· ὅτι ἐὰν μὴ ἔλθῃ ἡ ἀποστασία πρῶτον καὶ ἀποκαλυφθῇ ὁ ἄνθρωπος τῆς ⸀ἀνομίας, ὁ υἱὸς τῆς ἀπωλείας, ὁ ἀντικείμενος καὶ ὑπεραιρόμενος ἐπὶ πάντα λεγόμενον θεὸν ἢ σέβασμα, ὥστε αὐτὸν εἰς τὸν ναὸν τοῦ ⸀θεοῦ καθίσαι ἀποδεικνύντα ἑαυτὸν ὅτι ἔστιν θεός.
20	74	Paul	P2	καί	conjunction	27	22	ἀντικείμενος	verb	ὑπεραιρόμενος	verb	ἀπωλείας,	24	σέβασμα,	34	μή τις ὑμᾶς ἐξαπατήσῃ κατὰ μηδένα τρόπον· ὅτι ἐὰν μὴ ἔλθῃ ἡ ἀποστασία πρῶτον καὶ ἀποκαλυφθῇ ὁ ἄνθρωπος τῆς ⸀ἀνομίας, ὁ υἱὸς τῆς ἀπωλείας, ὁ ἀντικείμενος καὶ ὑπεραιρόμενος ἐπὶ πάντα λεγόμενον θεὸν ἢ σέβασμα, ὥστε αὐτὸν εἰς τὸν ναὸν τοῦ ⸀θεοῦ καθίσαι ἀποδεικνύντα ἑαυτὸν ὅτι ἔστιν θεός.
21	74	Paul	P2	καί	conjunction	1	29	ἀντικείμενος	verb	νῦν	adverb	null	0	οἴδατε,	5	καὶ νῦν τὸ κατέχον οἴδατε, εἰς τὸ ἀποκαλυφθῆναι αὐτὸν ἐν τῷ ⸀ἑαυτοῦ καιρῷ· τὸ γὰρ μυστήριον ἤδη ἐνεργεῖται τῆς ἀνομίας· μόνον ὁ κατέχων ἄρτι ἕως ἐκ μέσου γένηται.
22	74	Paul	P2	γάρ	conjunction	15	15	τὸ	article	μυστήριον	noun	καιρῷ·	13	ἀνομίας·	20	καὶ νῦν τὸ κατέχον οἴδατε, εἰς τὸ ἀποκαλυφθῆναι αὐτὸν ἐν τῷ ⸀ἑαυτοῦ καιρῷ· τὸ γὰρ μυστήριον ἤδη ἐνεργεῖται τῆς ἀνομίας· μόνον ὁ κατέχων ἄρτι ἕως ἐκ μέσου γένηται.
23	74	Paul	P2	καί	conjunction	1	85	τὸ	article	τότε	adverb	null	0	ἄνομος,	5	καὶ τότε ἀποκαλυφθήσεται ὁ ἄνομος, ὃν ὁ κύριος ⸀Ἰησοῦς ⸀ἀνελεῖ τῷ πνεύματι τοῦ στόματος αὐτοῦ καὶ καταργήσει τῇ ἐπιφανείᾳ τῆς παρουσίας αὐτοῦ, οὗ ἐστιν ἡ παρουσία κατ’ ἐνέργειαν τοῦ Σατανᾶ ἐν πάσῃ δυνάμει καὶ σημείοις καὶ τέρασιν ψεύδους καὶ ἐν πάσῃ ἀπάτῃ ⸀ἀδικίας τοῖς ἀπολλυμένοις, ἀνθ’ ὧν τὴν ἀγάπην τῆς ἀληθείας οὐκ ἐδέξαντο εἰς τὸ σωθῆναι αὐτούς· καὶ διὰ τοῦτο ⸀πέμπει αὐτοῖς ὁ θεὸς ἐνέργειαν πλάνης εἰς τὸ πιστεῦσαι αὐτοὺς τῷ ψεύδει, ἵνα κριθῶσιν ⸀πάντες οἱ μὴ πιστεύσαντες τῇ ἀληθείᾳ ἀλλὰ εὐδοκήσαντες ⸀τῇ ἀδικίᾳ.
24	74	Paul	P2	καί	conjunction	16	70	αὐτοῦ	personal pronoun	καταργήσει	verb	ἄνομος,	5	αὐτοῦ,	22	καὶ τότε ἀποκαλυφθήσεται ὁ ἄνομος, ὃν ὁ κύριος ⸀Ἰησοῦς ⸀ἀνελεῖ τῷ πνεύματι τοῦ στόματος αὐτοῦ καὶ καταργήσει τῇ ἐπιφανείᾳ τῆς παρουσίας αὐτοῦ, οὗ ἐστιν ἡ παρουσία κατ’ ἐνέργειαν τοῦ Σατανᾶ ἐν πάσῃ δυνάμει καὶ σημείοις καὶ τέρασιν ψεύδους καὶ ἐν πάσῃ ἀπάτῃ ⸀ἀδικίας τοῖς ἀπολλυμένοις, ἀνθ’ ὧν τὴν ἀγάπην τῆς ἀληθείας οὐκ ἐδέξαντο εἰς τὸ σωθῆναι αὐτούς· καὶ διὰ τοῦτο ⸀πέμπει αὐτοῖς ὁ θεὸς ἐνέργειαν πλάνης εἰς τὸ πιστεῦσαι αὐτοὺς τῷ ψεύδει, ἵνα κριθῶσιν ⸀πάντες οἱ μὴ πιστεύσαντες τῇ ἀληθείᾳ ἀλλὰ εὐδοκήσαντες ⸀τῇ ἀδικίᾳ.
25	74	Paul	P2	καί	conjunction	34	52	δυνάμει	noun	σημείοις	noun	αὐτοῦ,	22	ἀπολλυμένοις,	45	καὶ τότε ἀποκαλυφθήσεται ὁ ἄνομος, ὃν ὁ κύριος ⸀Ἰησοῦς ⸀ἀνελεῖ τῷ πνεύματι τοῦ στόματος αὐτοῦ καὶ καταργήσει τῇ ἐπιφανείᾳ τῆς παρουσίας αὐτοῦ, οὗ ἐστιν ἡ παρουσία κατ’ ἐνέργειαν τοῦ Σατανᾶ ἐν πάσῃ δυνάμει καὶ σημείοις καὶ τέρασιν ψεύδους καὶ ἐν πάσῃ ἀπάτῃ ⸀ἀδικίας τοῖς ἀπολλυμένοις, ἀνθ’ ὧν τὴν ἀγάπην τῆς ἀληθείας οὐκ ἐδέξαντο εἰς τὸ σωθῆναι αὐτούς· καὶ διὰ τοῦτο ⸀πέμπει αὐτοῖς ὁ θεὸς ἐνέργειαν πλάνης εἰς τὸ πιστεῦσαι αὐτοὺς τῷ ψεύδει, ἵνα κριθῶσιν ⸀πάντες οἱ μὴ πιστεύσαντες τῇ ἀληθείᾳ ἀλλὰ εὐδοκήσαντες ⸀τῇ ἀδικίᾳ.
26	74	Paul	P2	καί	conjunction	36	50	σημείοις	noun	τέρασιν	noun	αὐτοῦ,	22	ἀπολλυμένοις,	45	καὶ τότε ἀποκαλυφθήσεται ὁ ἄνομος, ὃν ὁ κύριος ⸀Ἰησοῦς ⸀ἀνελεῖ τῷ πνεύματι τοῦ στόματος αὐτοῦ καὶ καταργήσει τῇ ἐπιφανείᾳ τῆς παρουσίας αὐτοῦ, οὗ ἐστιν ἡ παρουσία κατ’ ἐνέργειαν τοῦ Σατανᾶ ἐν πάσῃ δυνάμει καὶ σημείοις καὶ τέρασιν ψεύδους καὶ ἐν πάσῃ ἀπάτῃ ⸀ἀδικίας τοῖς ἀπολλυμένοις, ἀνθ’ ὧν τὴν ἀγάπην τῆς ἀληθείας οὐκ ἐδέξαντο εἰς τὸ σωθῆναι αὐτούς· καὶ διὰ τοῦτο ⸀πέμπει αὐτοῖς ὁ θεὸς ἐνέργειαν πλάνης εἰς τὸ πιστεῦσαι αὐτοὺς τῷ ψεύδει, ἵνα κριθῶσιν ⸀πάντες οἱ μὴ πιστεύσαντες τῇ ἀληθείᾳ ἀλλὰ εὐδοκήσαντες ⸀τῇ ἀδικίᾳ.
27	74	Paul	P2	καί	conjunction	39	47	ψεύδους	noun	ἐν	preposition	αὐτοῦ,	22	ἀπολλυμένοις,	45	καὶ τότε ἀποκαλυφθήσεται ὁ ἄνομος, ὃν ὁ κύριος ⸀Ἰησοῦς ⸀ἀνελεῖ τῷ πνεύματι τοῦ στόματος αὐτοῦ καὶ καταργήσει τῇ ἐπιφανείᾳ τῆς παρουσίας αὐτοῦ, οὗ ἐστιν ἡ παρουσία κατ’ ἐνέργειαν τοῦ Σατανᾶ ἐν πάσῃ δυνάμει καὶ σημείοις καὶ τέρασιν ψεύδους καὶ ἐν πάσῃ ἀπάτῃ ⸀ἀδικίας τοῖς ἀπολλυμένοις, ἀνθ’ ὧν τὴν ἀγάπην τῆς ἀληθείας οὐκ ἐδέξαντο εἰς τὸ σωθῆναι αὐτούς· καὶ διὰ τοῦτο ⸀πέμπει αὐτοῖς ὁ θεὸς ἐνέργειαν πλάνης εἰς τὸ πιστεῦσαι αὐτοὺς τῷ ψεύδει, ἵνα κριθῶσιν ⸀πάντες οἱ μὴ πιστεύσαντες τῇ ἀληθείᾳ ἀλλὰ εὐδοκήσαντες ⸀τῇ ἀδικίᾳ.
28	74	Paul	P2	καί	conjunction	58	28	αὐτούς·	personal pronoun	διὰ	preposition	αὐτούς·	57	ψεύδει,	72	καὶ τότε ἀποκαλυφθήσεται ὁ ἄνομος, ὃν ὁ κύριος ⸀Ἰησοῦς ⸀ἀνελεῖ τῷ πνεύματι τοῦ στόματος αὐτοῦ καὶ καταργήσει τῇ ἐπιφανείᾳ τῆς παρουσίας αὐτοῦ, οὗ ἐστιν ἡ παρουσία κατ’ ἐνέργειαν τοῦ Σατανᾶ ἐν πάσῃ δυνάμει καὶ σημείοις καὶ τέρασιν ψεύδους καὶ ἐν πάσῃ ἀπάτῃ ⸀ἀδικίας τοῖς ἀπολλυμένοις, ἀνθ’ ὧν τὴν ἀγάπην τῆς ἀληθείας οὐκ ἐδέξαντο εἰς τὸ σωθῆναι αὐτούς· καὶ διὰ τοῦτο ⸀πέμπει αὐτοῖς ὁ θεὸς ἐνέργειαν πλάνης εἰς τὸ πιστεῦσαι αὐτοὺς τῷ ψεύδει, ἵνα κριθῶσιν ⸀πάντες οἱ μὴ πιστεύσαντες τῇ ἀληθείᾳ ἀλλὰ εὐδοκήσαντες ⸀τῇ ἀδικίᾳ.
29	74	Paul	P2	ἀλλά	conjunction	81	5	ἀληθείᾳ	noun	εὐδοκήσαντες	verb	ψεύδει,	72	null	0	καὶ τότε ἀποκαλυφθήσεται ὁ ἄνομος, ὃν ὁ κύριος ⸀Ἰησοῦς ⸀ἀνελεῖ τῷ πνεύματι τοῦ στόματος αὐτοῦ καὶ καταργήσει τῇ ἐπιφανείᾳ τῆς παρουσίας αὐτοῦ, οὗ ἐστιν ἡ παρουσία κατ’ ἐνέργειαν τοῦ Σατανᾶ ἐν πάσῃ δυνάμει καὶ σημείοις καὶ τέρασιν ψεύδους καὶ ἐν πάσῃ ἀπάτῃ ⸀ἀδικίας τοῖς ἀπολλυμένοις, ἀνθ’ ὧν τὴν ἀγάπην τῆς ἀληθείας οὐκ ἐδέξαντο εἰς τὸ σωθῆναι αὐτούς· καὶ διὰ τοῦτο ⸀πέμπει αὐτοῖς ὁ θεὸς ἐνέργειαν πλάνης εἰς τὸ πιστεῦσαι αὐτοὺς τῷ ψεύδει, ἵνα κριθῶσιν ⸀πάντες οἱ μὴ πιστεύσαντες τῇ ἀληθείᾳ ἀλλὰ εὐδοκήσαντες ⸀τῇ ἀδικίᾳ.
30	74	Paul	P2	δέ	conjunction	2	43	Ἡμεῖς	personal pronoun	ὀφείλομεν	verb	null	0	ὑμῶν,	9	Ἡμεῖς δὲ ὀφείλομεν εὐχαριστεῖν τῷ θεῷ πάντοτε περὶ ὑμῶν, ἀδελφοὶ ἠγαπημένοι ὑπὸ κυρίου, ὅτι εἵλατο ὑμᾶς ὁ θεὸς ⸀ἀπαρχὴν εἰς σωτηρίαν ἐν ἁγιασμῷ πνεύματος καὶ πίστει ἀληθείας, εἰς ⸀ὃ ἐκάλεσεν ὑμᾶς διὰ τοῦ εὐαγγελίου ἡμῶν, εἰς περιποίησιν δόξης τοῦ κυρίου ἡμῶν Ἰησοῦ Χριστοῦ.
31	74	Paul	P2	καί	conjunction	25	20	πνεύματος	noun	πίστει	noun	κυρίου,	13	ἀληθείας,	27	Ἡμεῖς δὲ ὀφείλομεν εὐχαριστεῖν τῷ θεῷ πάντοτε περὶ ὑμῶν, ἀδελφοὶ ἠγαπημένοι ὑπὸ κυρίου, ὅτι εἵλατο ὑμᾶς ὁ θεὸς ⸀ἀπαρχὴν εἰς σωτηρίαν ἐν ἁγιασμῷ πνεύματος καὶ πίστει ἀληθείας, εἰς ⸀ὃ ἐκάλεσεν ὑμᾶς διὰ τοῦ εὐαγγελίου ἡμῶν, εἰς περιποίησιν δόξης τοῦ κυρίου ἡμῶν Ἰησοῦ Χριστοῦ.
32	74	Paul	P2	ἄρα	conjunction	1	18	πνεύματος	noun	οὖν,	conjunction	null	0	οὖν,	2	ἄρα οὖν, ἀδελφοί, στήκετε, καὶ κρατεῖτε τὰς παραδόσεις ἃς ἐδιδάχθητε εἴτε διὰ λόγου εἴτε δι’ ἐπιστολῆς ἡμῶν.
33	74	Paul	P2	οὖν	conjunction	2	17	ἄρα	conjunction	ἀδελφοί,	noun	null	0	οὖν,	2	ἄρα οὖν, ἀδελφοί, στήκετε, καὶ κρατεῖτε τὰς παραδόσεις ἃς ἐδιδάχθητε εἴτε διὰ λόγου εἴτε δι’ ἐπιστολῆς ἡμῶν.
34	74	Paul	P2	καί	conjunction	5	14	στήκετε,	verb	κρατεῖτε	verb	στήκετε,	4	null	0	ἄρα οὖν, ἀδελφοί, στήκετε, καὶ κρατεῖτε τὰς παραδόσεις ἃς ἐδιδάχθητε εἴτε διὰ λόγου εἴτε δι’ ἐπιστολῆς ἡμῶν.
35	74	Paul	P2	δέ	conjunction	2	36	Αὐτὸς	personal pronoun	ὁ	article	null	0	ἡμῶν,	12	Αὐτὸς δὲ ὁ κύριος ἡμῶν Ἰησοῦς Χριστὸς καὶ ⸀θεὸς ⸀ὁ πατὴρ ἡμῶν, ὁ ἀγαπήσας ἡμᾶς καὶ δοὺς παράκλησιν αἰωνίαν καὶ ἐλπίδα ἀγαθὴν ἐν χάριτι, παρακαλέσαι ὑμῶν τὰς καρδίας καὶ ⸀στηρίξαι ἐν παντὶ ⸂ἔργῳ καὶ λόγῳ⸃ ἀγαθῷ.
36	74	Paul	P2	καί	conjunction	8	30	Χριστὸς	noun	⸀θεὸς	noun	null	0	ἡμῶν,	12	Αὐτὸς δὲ ὁ κύριος ἡμῶν Ἰησοῦς Χριστὸς καὶ ⸀θεὸς ⸀ὁ πατὴρ ἡμῶν, ὁ ἀγαπήσας ἡμᾶς καὶ δοὺς παράκλησιν αἰωνίαν καὶ ἐλπίδα ἀγαθὴν ἐν χάριτι, παρακαλέσαι ὑμῶν τὰς καρδίας καὶ ⸀στηρίξαι ἐν παντὶ ⸂ἔργῳ καὶ λόγῳ⸃ ἀγαθῷ.
37	74	Paul	P2	καί	conjunction	16	22	ἡμᾶς	personal pronoun	δοὺς	verb	ἡμῶν,	12	χάριτι,	24	Αὐτὸς δὲ ὁ κύριος ἡμῶν Ἰησοῦς Χριστὸς καὶ ⸀θεὸς ⸀ὁ πατὴρ ἡμῶν, ὁ ἀγαπήσας ἡμᾶς καὶ δοὺς παράκλησιν αἰωνίαν καὶ ἐλπίδα ἀγαθὴν ἐν χάριτι, παρακαλέσαι ὑμῶν τὰς καρδίας καὶ ⸀στηρίξαι ἐν παντὶ ⸂ἔργῳ καὶ λόγῳ⸃ ἀγαθῷ.
38	74	Paul	P2	καί	conjunction	20	18	αἰωνίαν	adjective	ἐλπίδα	noun	ἡμῶν,	12	χάριτι,	24	Αὐτὸς δὲ ὁ κύριος ἡμῶν Ἰησοῦς Χριστὸς καὶ ⸀θεὸς ⸀ὁ πατὴρ ἡμῶν, ὁ ἀγαπήσας ἡμᾶς καὶ δοὺς παράκλησιν αἰωνίαν καὶ ἐλπίδα ἀγαθὴν ἐν χάριτι, παρακαλέσαι ὑμῶν τὰς καρδίας καὶ ⸀στηρίξαι ἐν παντὶ ⸂ἔργῳ καὶ λόγῳ⸃ ἀγαθῷ.
39	74	Paul	P2	καί	conjunction	29	9	καρδίας	noun	⸀στηρίξαι	verb	χάριτι,	24	null	0	Αὐτὸς δὲ ὁ κύριος ἡμῶν Ἰησοῦς Χριστὸς καὶ ⸀θεὸς ⸀ὁ πατὴρ ἡμῶν, ὁ ἀγαπήσας ἡμᾶς καὶ δοὺς παράκλησιν αἰωνίαν καὶ ἐλπίδα ἀγαθὴν ἐν χάριτι, παρακαλέσαι ὑμῶν τὰς καρδίας καὶ ⸀στηρίξαι ἐν παντὶ ⸂ἔργῳ καὶ λόγῳ⸃ ἀγαθῷ.
40	74	Paul	P2	καί	conjunction	34	4	⸂ἔργῳ	noun	λόγῳ⸃	noun	χάριτι,	24	null	0	Αὐτὸς δὲ ὁ κύριος ἡμῶν Ἰησοῦς Χριστὸς καὶ ⸀θεὸς ⸀ὁ πατὴρ ἡμῶν, ὁ ἀγαπήσας ἡμᾶς καὶ δοὺς παράκλησιν αἰωνίαν καὶ ἐλπίδα ἀγαθὴν ἐν χάριτι, παρακαλέσαι ὑμῶν τὰς καρδίας καὶ ⸀στηρίξαι ἐν παντὶ ⸂ἔργῳ καὶ λόγῳ⸃ ἀγαθῷ.
41	74	Paul	P2	καί	conjunction	13	21	τρέχῃ	verb	δοξάζηται	verb	ἡμῶν,	6	ὑμᾶς,	18	Τὸ λοιπὸν προσεύχεσθε, ἀδελφοί, περὶ ἡμῶν, ἵνα ὁ λόγος τοῦ κυρίου τρέχῃ καὶ δοξάζηται καθὼς καὶ πρὸς ὑμᾶς, καὶ ἵνα ῥυσθῶμεν ἀπὸ τῶν ἀτόπων καὶ πονηρῶν ἀνθρώπων, οὐ γὰρ πάντων ἡ πίστις.
42	74	Paul	P2	καί	conjunction	19	15	ὑμᾶς,	personal pronoun	ἵνα	conjunction	ὑμᾶς,	18	ἀνθρώπων,	27	Τὸ λοιπὸν προσεύχεσθε, ἀδελφοί, περὶ ἡμῶν, ἵνα ὁ λόγος τοῦ κυρίου τρέχῃ καὶ δοξάζηται καθὼς καὶ πρὸς ὑμᾶς, καὶ ἵνα ῥυσθῶμεν ἀπὸ τῶν ἀτόπων καὶ πονηρῶν ἀνθρώπων, οὐ γὰρ πάντων ἡ πίστις.
43	74	Paul	P2	καί	conjunction	25	9	ἀτόπων	adjective	πονηρῶν	adjective	ὑμᾶς,	18	ἀνθρώπων,	27	Τὸ λοιπὸν προσεύχεσθε, ἀδελφοί, περὶ ἡμῶν, ἵνα ὁ λόγος τοῦ κυρίου τρέχῃ καὶ δοξάζηται καθὼς καὶ πρὸς ὑμᾶς, καὶ ἵνα ῥυσθῶμεν ἀπὸ τῶν ἀτόπων καὶ πονηρῶν ἀνθρώπων, οὐ γὰρ πάντων ἡ πίστις.
44	74	Paul	P2	γάρ	conjunction	29	5	οὐ	adverb	πάντων	adjective	ἀνθρώπων,	27	null	0	Τὸ λοιπὸν προσεύχεσθε, ἀδελφοί, περὶ ἡμῶν, ἵνα ὁ λόγος τοῦ κυρίου τρέχῃ καὶ δοξάζηται καθὼς καὶ πρὸς ὑμᾶς, καὶ ἵνα ῥυσθῶμεν ἀπὸ τῶν ἀτόπων καὶ πονηρῶν ἀνθρώπων, οὐ γὰρ πάντων ἡ πίστις.
45	74	Paul	P2	δέ	conjunction	2	13	πιστὸς	adjective	ἐστιν	verb	null	0	κύριος,	5	πιστὸς δέ ἐστιν ὁ κύριος, ὃς στηρίξει ὑμᾶς καὶ φυλάξει ἀπὸ τοῦ πονηροῦ.
46	74	Paul	P2	καί	conjunction	9	6	ὑμᾶς	personal pronoun	φυλάξει	verb	κύριος,	5	null	0	πιστὸς δέ ἐστιν ὁ κύριος, ὃς στηρίξει ὑμᾶς καὶ φυλάξει ἀπὸ τοῦ πονηροῦ.
47	74	Paul	P2	δέ	conjunction	2	13	πεποίθαμεν	verb	ἐν	preposition	null	0	ὑμᾶς,	6	πεποίθαμεν δὲ ἐν κυρίῳ ἐφ’ ὑμᾶς, ὅτι ἃ ⸀παραγγέλλομεν καὶ ποιεῖτε καὶ ποιήσετε.
48	74	Paul	P2	καί	conjunction	10	5	⸀παραγγέλλομεν	verb	ποιεῖτε	verb	ὑμᾶς,	6	null	0	πεποίθαμεν δὲ ἐν κυρίῳ ἐφ’ ὑμᾶς, ὅτι ἃ ⸀παραγγέλλομεν καὶ ποιεῖτε καὶ ποιήσετε.
49	74	Paul	P2	καί	conjunction	12	3	ποιεῖτε	verb	ποιήσετε.	verb	ὑμᾶς,	6	null	0	πεποίθαμεν δὲ ἐν κυρίῳ ἐφ’ ὑμᾶς, ὅτι ἃ ⸀παραγγέλλομεν καὶ ποιεῖτε καὶ ποιήσετε.
50	74	Paul	P2	δέ	conjunction	2	18	ὁ	article	κύριος	noun	null	0	null	0	ὁ δὲ κύριος κατευθύναι ὑμῶν τὰς καρδίας εἰς τὴν ἀγάπην τοῦ θεοῦ καὶ εἰς τὴν ὑπομονὴν τοῦ Χριστοῦ.
51	74	Paul	P2	καί	conjunction	13	7	θεοῦ	noun	εἰς	preposition	null	0	null	0	ὁ δὲ κύριος κατευθύναι ὑμῶν τὰς καρδίας εἰς τὴν ἀγάπην τοῦ θεοῦ καὶ εἰς τὴν ὑπομονὴν τοῦ Χριστοῦ.
52	74	Paul	P2	δέ	conjunction	2	27	Παραγγέλλομεν	verb	ὑμῖν,	personal pronoun	null	0	ὑμῖν,	3	Παραγγέλλομεν δὲ ὑμῖν, ἀδελφοί, ἐν ὀνόματι τοῦ κυρίου ⸀ἡμῶν Ἰησοῦ Χριστοῦ στέλλεσθαι ὑμᾶς ἀπὸ παντὸς ἀδελφοῦ ἀτάκτως περιπατοῦντος καὶ μὴ κατὰ τὴν παράδοσιν ἣν ⸀παρελάβοσαν παρ’ ἡμῶν.
53	74	Paul	P2	καί	conjunction	19	10	περιπατοῦντος	verb	μὴ	adverb	ἀδελφοί,	4	null	0	Παραγγέλλομεν δὲ ὑμῖν, ἀδελφοί, ἐν ὀνόματι τοῦ κυρίου ⸀ἡμῶν Ἰησοῦ Χριστοῦ στέλλεσθαι ὑμᾶς ἀπὸ παντὸς ἀδελφοῦ ἀτάκτως περιπατοῦντος καὶ μὴ κατὰ τὴν παράδοσιν ἣν ⸀παρελάβοσαν παρ’ ἡμῶν.
54	74	Paul	P2	γάρ	conjunction	2	48	αὐτοὶ	personal pronoun	οἴδατε	verb	null	0	ἡμᾶς,	7	αὐτοὶ γὰρ οἴδατε πῶς δεῖ μιμεῖσθαι ἡμᾶς, ὅτι οὐκ ἠτακτήσαμεν ἐν ὑμῖν οὐδὲ δωρεὰν ἄρτον ἐφάγομεν παρά τινος, ἀλλ’ ἐν κόπῳ καὶ μόχθῳ ⸂νυκτὸς καὶ ἡμέρας⸃ ἐργαζόμενοι πρὸς τὸ μὴ ἐπιβαρῆσαί τινα ὑμῶν· οὐχ ὅτι οὐκ ἔχομεν ἐξουσίαν, ἀλλ’ ἵνα ἑαυτοὺς τύπον δῶμεν ὑμῖν εἰς τὸ μιμεῖσθαι ἡμᾶς.
55	74	Paul	P2	ἀλλά	conjunction	19	31	τινος,	interrogative	ἐν	preposition	τινος,	18	ὑμῶν·	33	αὐτοὶ γὰρ οἴδατε πῶς δεῖ μιμεῖσθαι ἡμᾶς, ὅτι οὐκ ἠτακτήσαμεν ἐν ὑμῖν οὐδὲ δωρεὰν ἄρτον ἐφάγομεν παρά τινος, ἀλλ’ ἐν κόπῳ καὶ μόχθῳ ⸂νυκτὸς καὶ ἡμέρας⸃ ἐργαζόμενοι πρὸς τὸ μὴ ἐπιβαρῆσαί τινα ὑμῶν· οὐχ ὅτι οὐκ ἔχομεν ἐξουσίαν, ἀλλ’ ἵνα ἑαυτοὺς τύπον δῶμεν ὑμῖν εἰς τὸ μιμεῖσθαι ἡμᾶς.
56	74	Paul	P2	καί	conjunction	22	28	κόπῳ	noun	μόχθῳ	noun	τινος,	18	ὑμῶν·	33	αὐτοὶ γὰρ οἴδατε πῶς δεῖ μιμεῖσθαι ἡμᾶς, ὅτι οὐκ ἠτακτήσαμεν ἐν ὑμῖν οὐδὲ δωρεὰν ἄρτον ἐφάγομεν παρά τινος, ἀλλ’ ἐν κόπῳ καὶ μόχθῳ ⸂νυκτὸς καὶ ἡμέρας⸃ ἐργαζόμενοι πρὸς τὸ μὴ ἐπιβαρῆσαί τινα ὑμῶν· οὐχ ὅτι οὐκ ἔχομεν ἐξουσίαν, ἀλλ’ ἵνα ἑαυτοὺς τύπον δῶμεν ὑμῖν εἰς τὸ μιμεῖσθαι ἡμᾶς.
57	74	Paul	P2	καί	conjunction	25	25	⸂νυκτὸς	noun	ἡμέρας⸃	noun	τινος,	18	ὑμῶν·	33	αὐτοὶ γὰρ οἴδατε πῶς δεῖ μιμεῖσθαι ἡμᾶς, ὅτι οὐκ ἠτακτήσαμεν ἐν ὑμῖν οὐδὲ δωρεὰν ἄρτον ἐφάγομεν παρά τινος, ἀλλ’ ἐν κόπῳ καὶ μόχθῳ ⸂νυκτὸς καὶ ἡμέρας⸃ ἐργαζόμενοι πρὸς τὸ μὴ ἐπιβαρῆσαί τινα ὑμῶν· οὐχ ὅτι οὐκ ἔχομεν ἐξουσίαν, ἀλλ’ ἵνα ἑαυτοὺς τύπον δῶμεν ὑμῖν εἰς τὸ μιμεῖσθαι ἡμᾶς.
58	74	Paul	P2	ἀλλά	conjunction	39	11	ἐξουσίαν,	noun	ἵνα	conjunction	ἐξουσίαν,	38	null	0	αὐτοὶ γὰρ οἴδατε πῶς δεῖ μιμεῖσθαι ἡμᾶς, ὅτι οὐκ ἠτακτήσαμεν ἐν ὑμῖν οὐδὲ δωρεὰν ἄρτον ἐφάγομεν παρά τινος, ἀλλ’ ἐν κόπῳ καὶ μόχθῳ ⸂νυκτὸς καὶ ἡμέρας⸃ ἐργαζόμενοι πρὸς τὸ μὴ ἐπιβαρῆσαί τινα ὑμῶν· οὐχ ὅτι οὐκ ἔχομεν ἐξουσίαν, ἀλλ’ ἵνα ἑαυτοὺς τύπον δῶμεν ὑμῖν εἰς τὸ μιμεῖσθαι ἡμᾶς.
59	74	Paul	P2	γάρ	conjunction	2	17	καὶ	adverb	ὅτε	conjunction	null	0	ὑμᾶς,	6	καὶ γὰρ ὅτε ἦμεν πρὸς ὑμᾶς, τοῦτο παρηγγέλλομεν ὑμῖν, ὅτι εἴ τις οὐ θέλει ἐργάζεσθαι μηδὲ ἐσθιέτω.
60	74	Paul	P2	γάρ	conjunction	2	29	ἀκούομεν	verb	τινας	interrogative	null	0	ἀτάκτως,	7	ἀκούομεν γάρ τινας περιπατοῦντας ἐν ὑμῖν ἀτάκτως, μηδὲν ἐργαζομένους ἀλλὰ περιεργαζομένους· τοῖς δὲ τοιούτοις παραγγέλλομεν καὶ παρακαλοῦμεν ⸂ἐν κυρίῳ Ἰησοῦ Χριστῷ⸃ ἵνα μετὰ ἡσυχίας ἐργαζόμενοι τὸν ἑαυτῶν ἄρτον ἐσθίωσιν.
61	74	Paul	P2	ἀλλά	conjunction	10	21	ἐργαζομένους	verb	περιεργαζομένους·	verb	ἀτάκτως,	7	περιεργαζομένους·	11	ἀκούομεν γάρ τινας περιπατοῦντας ἐν ὑμῖν ἀτάκτως, μηδὲν ἐργαζομένους ἀλλὰ περιεργαζομένους· τοῖς δὲ τοιούτοις παραγγέλλομεν καὶ παρακαλοῦμεν ⸂ἐν κυρίῳ Ἰησοῦ Χριστῷ⸃ ἵνα μετὰ ἡσυχίας ἐργαζόμενοι τὸν ἑαυτῶν ἄρτον ἐσθίωσιν.
62	74	Paul	P2	δέ	conjunction	13	18	τοῖς	article	τοιούτοις	demonstrative	περιεργαζομένους·	11	null	0	ἀκούομεν γάρ τινας περιπατοῦντας ἐν ὑμῖν ἀτάκτως, μηδὲν ἐργαζομένους ἀλλὰ περιεργαζομένους· τοῖς δὲ τοιούτοις παραγγέλλομεν καὶ παρακαλοῦμεν ⸂ἐν κυρίῳ Ἰησοῦ Χριστῷ⸃ ἵνα μετὰ ἡσυχίας ἐργαζόμενοι τὸν ἑαυτῶν ἄρτον ἐσθίωσιν.
63	74	Paul	P2	καί	conjunction	16	15	παραγγέλλομεν	verb	παρακαλοῦμεν	verb	περιεργαζομένους·	11	null	0	ἀκούομεν γάρ τινας περιπατοῦντας ἐν ὑμῖν ἀτάκτως, μηδὲν ἐργαζομένους ἀλλὰ περιεργαζομένους· τοῖς δὲ τοιούτοις παραγγέλλομεν καὶ παρακαλοῦμεν ⸂ἐν κυρίῳ Ἰησοῦ Χριστῷ⸃ ἵνα μετὰ ἡσυχίας ἐργαζόμενοι τὸν ἑαυτῶν ἄρτον ἐσθίωσιν.
64	74	Paul	P2	δέ	conjunction	2	6	ὑμεῖς	personal pronoun	ἀδελφοί,	noun	null	0	δέ,	2	ὑμεῖς δέ, ἀδελφοί, μὴ ⸀ἐγκακήσητε καλοποιοῦντες.
65	74	Paul	P2	δέ	conjunction	2	27	Εἰ	conjunction	τις	interrogative	null	0	ἐπιστολῆς,	11	Εἰ δέ τις οὐχ ὑπακούει τῷ λόγῳ ἡμῶν διὰ τῆς ἐπιστολῆς, τοῦτον σημειοῦσθε, ⸀μὴ ⸀συναναμίγνυσθαι αὐτῷ, ἵνα ἐντραπῇ· καὶ μὴ ὡς ἐχθρὸν ἡγεῖσθε, ἀλλὰ νουθετεῖτε ὡς ἀδελφόν.
66	74	Paul	P2	καί	conjunction	19	10	ἐντραπῇ·	verb	μὴ	adverb	ἐντραπῇ·	18	ἡγεῖσθε,	23	Εἰ δέ τις οὐχ ὑπακούει τῷ λόγῳ ἡμῶν διὰ τῆς ἐπιστολῆς, τοῦτον σημειοῦσθε, ⸀μὴ ⸀συναναμίγνυσθαι αὐτῷ, ἵνα ἐντραπῇ· καὶ μὴ ὡς ἐχθρὸν ἡγεῖσθε, ἀλλὰ νουθετεῖτε ὡς ἀδελφόν.
67	74	Paul	P2	ἀλλά	conjunction	24	5	ἡγεῖσθε,	verb	νουθετεῖτε	verb	ἡγεῖσθε,	23	null	0	Εἰ δέ τις οὐχ ὑπακούει τῷ λόγῳ ἡμῶν διὰ τῆς ἐπιστολῆς, τοῦτον σημειοῦσθε, ⸀μὴ ⸀συναναμίγνυσθαι αὐτῷ, ἵνα ἐντραπῇ· καὶ μὴ ὡς ἐχθρὸν ἡγεῖσθε, ἀλλὰ νουθετεῖτε ὡς ἀδελφόν.
68	74	Paul	P2	δέ	conjunction	2	15	Αὐτὸς	personal pronoun	ὁ	article	null	0	null	0	Αὐτὸς δὲ ὁ κύριος τῆς εἰρήνης δῴη ὑμῖν τὴν εἰρήνην διὰ παντὸς ἐν παντὶ τρόπῳ.
